{"cameraMode":{"drawMode":0,"name":"Shaded","section":"Shading Mode"},"sceneLighting":true,"audioPlay":false,"sceneViewState":{"m_AlwaysRefresh":false,"showFog":true,"showSkybox":true,"showFlares":true,"showImageEffects":true,"showParticleSystems":true,"showVisualEffectGraphs":true,"m_FxEnabled":true},"in2DMode":false,"pivot":{"x":-12.994830131530762,"y":35.26641845703125,"z":-5.812028884887695},"rotation":{"x":0.00214724475517869,"y":-0.8789646625518799,"z":0.00395456375554204,"w":0.47687333822250368},"size":1.9063758850097657,"orthographic":false}